{"cameraMode":{"drawMode":0,"name":"Shaded","section":"Shading Mode"},"sceneLighting":false,"audioPlay":false,"sceneViewState":{"showFog":true,"showMaterialUpdate":false,"showSkybox":false,"showFlares":true,"showImageEffects":true,"showParticleSystems":true},"in2DMode":false,"pivot":{"x":-8.788168907165528,"y":-0.8497986197471619,"z":0.4712786376476288},"rotation":{"x":0.2258874922990799,"y":-0.6508159637451172,"z":0.2120675891637802,"w":0.6931763887405396},"size":8.363075256347657,"orthographic":false}