{"cameraMode":{"drawMode":0,"name":"Shaded","section":"Shading Mode"},"sceneLighting":false,"audioPlay":false,"sceneViewState":{"showFog":true,"showMaterialUpdate":false,"showSkybox":false,"showFlares":true,"showImageEffects":true,"showParticleSystems":true},"in2DMode":false,"pivot":{"x":0.02339988574385643,"y":0.19143199920654298,"z":0.20120391249656678},"rotation":{"x":0.7069557309150696,"y":0.01656481996178627,"z":-0.016615360975265504,"w":0.7069424986839294},"size":8.987459182739258,"orthographic":false}