{"cameraMode":{"drawMode":0,"name":"Shaded","section":"Shading Mode"},"sceneLighting":true,"audioPlay":false,"sceneViewState":{"showFog":true,"showMaterialUpdate":false,"showSkybox":true,"showFlares":true,"showImageEffects":true,"showParticleSystems":true},"in2DMode":false,"pivot":{"x":-14.015960693359375,"y":-74.97830200195313,"z":9.132257461547852},"rotation":{"x":0.3586921989917755,"y":-0.6184085011482239,"z":0.37623345851898196,"w":0.5894606709480286},"size":280.5066223144531,"orthographic":false}